{"BoardResult": [["RBLDLRBRGDRRBBLLBGGDLGDGGBDHRL", "0110302212132232", 1, 3, 36.04537], ["GHLLRRBGBBLLHDDLDGBRRBBRGGDRLG", "0100212", 1, 3, 35.93229], ["LBRHGBGLRRGHLGBLDRRBDLDGLGHBRB", "0122310323031313210303", 2, 3, 26.58565], ["BDRGBGBGDLGBLRHBRGRDDLRRHBDLGL", "002121122331302101110", 2, 3, 32.34471], ["GGRBRLHGDGBGLLBRBDDBRRDBGLRHLH", "23301000032121", 1, 3, 35.54861], ["BBLGGRBGLRRHHRHBDLHDBLGDRDRGBG", "0212333232103", 4, 4, 28.92612], ["LGDRDHGDBLDHRHRRLGDBGRRLBLGBBG", "2120001201312302002", 1, 3, 32.8669], ["GGRGDRBLLBHBBGHDLHDRHRLRGLGRDB", "32212200120000", 2, 3, 31.88252], ["DBRDHDHHGDGBGGRLBLRRLRHDBLGRLB", "022221010101", 4, 2, 31.61495], ["LGRGBDDBDRGLRDGLHHLBHDBHRHLRBG", "1332112122010322", 2, 3, 30.78902]], "meanScroce": 32.25361, "meanScroceR": 0.54619, "meantime": 1.00554}