{"BoardResult": [["RBLDLRBRGDRRBBLLBGGDLGDGGBDHRL", "12333033331321213", 2, 4, 33.96528], ["GHLLRRBGBBLLHDDLDGBRRBBRGGDRLG", "0302323010300313001", 1, 3, 38.90873], ["LBRHGBGLRRGHLGBLDRRBDLDGLGHBRB", "0121013302322333002", 2, 3, 26.5733], ["BDRGBGBGDLGBLRHBRGRDDLRRHBDLGL", "223110123230300323332", 2, 3, 33.29205], ["GGRBRLHGDGBGLLBRBDDBRRDBGLRHLH", "121312003032032322", 1, 2, 29.34221], ["BBLGGRBGLRRHHRHBDLHDBLGDRDRGBG", "3210020021100122320020", 1, 2, 35.26574], ["LGDRDHGDBLDHRHRRLGDBGRRLBLGBBG", "2122000123130", 1, 3, 32.8669], ["GGRGDRBLLBHBBGHDLHDRHRLRGLGRDB", "11300103000030321", 0, 2, 29.13333], ["DBRDHDHHGDGBGGRLBLRRLRHDBLGRLB", "032221101123321", 4, 3, 31.61495], ["LGRGBDDBDRGLRDGLHHLBHDBHRHLRBG", "12110322200332312", 2, 2, 30.95536]], "totalScroce": 321.91785, "totaltime": 10.05772}