{"BoardResult": [["RBLDLRBRGDRRBBLLBGGDLGDGGBDHRL", "011212132201", 1, 2, 33.55147], ["GHLLRRBGBBLLHDDLDGBRRBBRGGDRLG", "01010221", 1, 3, 35.93229], ["LBRHGBGLRRGHLGBLDRRBDLDGLGHBRB", "32101310110200321", 2, 2, 29.95231], ["BDRGBGBGDLGBLRHBRGRDDLRRHBDLGL", "22301101223220131", 2, 3, 35.1921], ["GGRBRLHGDGBGLLBRBDDBRRDBGLRHLH", "3210101021303223", 2, 3, 34.75093], ["BBLGGRBGLRRHHRHBDLHDBLGDRDRGBG", "2230322321003032", 4, 4, 42.69792], ["LGDRDHGDBLDHRHRRLGDBGRRLBLGBBG", "210013010131231213", 1, 3, 32.8669], ["GGRGDRBLLBHBBGHDLHDRHRLRGLGRDB", "21001230302031002", 0, 2, 31.99408], ["DBRDHDHHGDGBGGRLBLRRLRHDBLGRLB", "22100012323213", 4, 2, 31.8845], ["LGRGBDDBDRGLRDGLHHLBHDBHRHLRBG", "10200333211231203010", 0, 5, 36.65288]], "totalScroce": 345.47538, "totaltime": 10.06185}