{"BoardResult": [["RBLDLRBRGDRRBBLLBGGDLGDGGBDHRL", "0101212322303", 1, 2, 36.04537], ["GHLLRRBGBBLLHDDLDGBRRBBRGGDRLG", "101010022", 1, 2, 35.93229], ["LBRHGBGLRRGHLGBLDRRBDLDGLGHBRB", "012213313323303011", 2, 3, 24.03056], ["BDRGBGBGDLGBLRHBRGRDDLRRHBDLGL", "2101330201101331121", 2, 4, 32.34471], ["GGRBRLHGDGBGLLBRBDDBRRDBGLRHLH", "321110030323003002", 2, 3, 38.87821], ["BBLGGRBGLRRHHRHBDLHDBLGDRDRGBG", "23212220000003030333", 2, 2, 39.01786], ["LGDRDHGDBLDHRHRRLGDBGRRLBLGBBG", "210131200300131221", 1, 3, 30.3962], ["GGRGDRBLLBHBBGHDLHDRHRLRGLGRDB", "10012320030", 0, 2, 31.99408], ["DBRDHDHHGDGBGGRLBLRRLRHDBLGRLB", "2221210003310", 4, 2, 31.61495], ["LGRGBDDBDRGLRDGLHHLBHDBHRHLRBG", "2031201101300232303330", 1, 3, 30.92361]], "totalScroce": 331.17784, "totaltime": 10.08329}