{"BoardResult": [["RBLDLRBRGDRRBBLLBGGDLGDGGBDHRL", "0111321312301", 1, 2, 33.55147], ["GHLLRRBGBBLLHDDLDGBRRBBRGGDRLG", "03302332310003230", 1, 3, 35.93519], ["LBRHGBGLRRGHLGBLDRRBDLDGLGHBRB", "0121323323303100203", 2, 3, 24.39444], ["BDRGBGBGDLGBLRHBRGRDDLRRHBDLGL", "0022220103322", 2, 4, 35.31454], ["GGRBRLHGDGBGLLBRBDDBRRDBGLRHLH", "021113322320010133033", 1, 2, 33.39062], ["BBLGGRBGLRRHHRHBDLHDBLGDRDRGBG", "3232100103022003223213", 2, 3, 29.27971], ["LGDRDHGDBLDHRHRRLGDBGRRLBLGBBG", "231103100102232203120130", 1, 3, 32.8669], ["GGRGDRBLLBHBBGHDLHDRHRLRGLGRDB", "12300232020323002", 1, 3, 26.53902], ["DBRDHDHHGDGBGGRLBLRRLRHDBLGRLB", "222211000010132303", 3, 2, 31.60325], ["LGRGBDDBDRGLRDGLHHLBHDBHRHLRBG", "0221201223000303202320", 1, 2, 30.66353]], "totalScroce": 313.53867, "totaltime": 10.07086}