{"BoardResult": [["RBLDLRBRGDRRBBLLBGGDLGDGGBDHRL", "033212210001123210", 2, 2, 30.0733], ["GHLLRRBGBBLLHDDLDGBRRBBRGGDRLG", "001233232", 3, 3, 36.68681], ["LBRHGBGLRRGHLGBLDRRBDLDGLGHBRB", "121222330321110000032330122", 2, 1, 24.40556], ["BDRGBGBGDLGBLRHBRGRDDLRRHBDLGL", "333222221001232110001222", 3, 0, 32.91628], ["GGRBRLHGDGBGLLBRBDDBRRDBGLRHLH", "010323001222301211", 1, 3, 30.04459], ["BBLGGRBGLRRHHRHBDLHDBLGDRDRGBG", "112321233211000333011", 2, 0, 32.58017], ["LGDRDHGDBLDHRHRRLGDBGRRLBLGBBG", "103001122210122332301", 0, 3, 32.87924], ["GGRGDRBLLBHBBGHDLHDRHRLRGLGRDB", "033211112233012300101230", 2, 3, 31.33565], ["DBRDHDHHGDGBGGRLBLRRLRHDBLGRLB", "001112322300301", 0, 2, 36.86908], ["LGRGBDDBDRGLRDGLHHLBHDBHRHLRBG", "332211003301232211110033010", 2, 3, 36.20158]], "totalScroce": 323.99226, "totaltime": 10.11813}