{"BoardResult": [["RBLDLRBRGDRRBBLLBGGDLGDGGBDHRL", "012123330", 2, 4, 29.09799], ["GHLLRRBGBBLLHDDLDGBRRBBRGGDRLG", "003033222210", 3, 3, 36.14286], ["LBRHGBGLRRGHLGBLDRRBDLDGLGHBRB", "210030123322330112330012121", 3, 4, 24.11319], ["BDRGBGBGDLGBLRHBRGRDDLRRHBDLGL", "210012330000332222211", 2, 4, 38.50093], ["GGRBRLHGDGBGLLBRBDDBRRDBGLRHLH", "000333012223211210003233", 4, 4, 33.54167], ["BBLGGRBGLRRHHRHBDLHDBLGDRDRGBG", "230100033230110123332103211", 3, 4, 29.30691], ["LGDRDHGDBLDHRHRRLGDBGRRLBLGBBG", "012103322211032301230012", 0, 1, 28.94583], ["GGRGDRBLLBHBBGHDLHDRHRLRGLGRDB", "110332123301111", 1, 1, 26.70536], ["DBRDHDHHGDGBGGRLBLRRLRHDBLGRLB", "123330011101", 2, 4, 34.2419], ["LGRGBDDBDRGLRDGLHHLBHDBHRHLRBG", "032122303210111", 2, 3, 35.8858]], "totalScroce": 316.48244, "totaltime": 10.12496}