{"BoardResult": [["RBLDLRBRGDRRBBLLBGGDLGDGGBDHRL", "222301010110333322211012", 1, 1, 33.60856], ["GHLLRRBGBBLLHDDLDGBRRBBRGGDRLG", "030303222210", 3, 3, 36.14286], ["LBRHGBGLRRGHLGBLDRRBDLDGLGHBRB", "212333001232111100333", 2, 3, 26.12346], ["BDRGBGBGDLGBLRHBRGRDDLRRHBDLGL", "122110100332211030321", 0, 3, 32.23534], ["GGRBRLHGDGBGLLBRBDDBRRDBGLRHLH", "111033211103012233330103", 0, 5, 36.51574], ["BBLGGRBGLRRHHRHBDLHDBLGDRDRGBG", "121122233000030123222111", 1, 1, 26.31181], ["LGDRDHGDBLDHRHRRLGDBGRRLBLGBBG", "033211223033221101233033", 4, 2, 29.59156], ["GGRGDRBLLBHBBGHDLHDRHRLRGLGRDB", "012301032103032111123003233", 1, 3, 29.28472], ["DBRDHDHHGDGBGGRLBLRRLRHDBLGRLB", "001122223003010", 2, 2, 34.33893], ["LGRGBDDBDRGLRDGLHHLBHDBHRHLRBG", "322301210003300123012", 2, 3, 41.03056]], "totalScroce": 325.18354, "totaltime": 10.07728}