{"BoardResult": [["RBLDLRBRGDRRBBLLBGGDLGDGGBDHRL", "210112103322323221111", 0, 0, 33.75715], ["GHLLRRBGBBLLHDDLDGBRRBBRGGDRLG", "232221110000033", 2, 1, 35.78056], ["LBRHGBGLRRGHLGBLDRRBDLDGLGHBRB", "032230100321032101212100", 2, 2, 28.50548], ["BDRGBGBGDLGBLRHBRGRDDLRRHBDLGL", "222210030011223011122223301", 0, 0, 31.88252], ["GGRBRLHGDGBGLLBRBDDBRRDBGLRHLH", "000333032111212233303", 4, 4, 29.23283], ["BBLGGRBGLRRHHRHBDLHDBLGDRDRGBG", "210330330111232121000", 3, 2, 26.51944], ["LGDRDHGDBLDHRHRRLGDBGRRLBLGBBG", "003210333230123012122330012", 4, 2, 25.53902], ["GGRGDRBLLBHBBGHDLHDRHRLRGLGRDB", "333001221112330332", 3, 4, 30.02238], ["DBRDHDHHGDGBGGRLBLRRLRHDBLGRLB", "212233301230001003", 2, 2, 39.56343], ["LGRGBDDBDRGLRDGLHHLBHDBHRHLRBG", "211010322303301211", 1, 4, 31.26042]], "totalScroce": 312.06323, "totaltime": 10.11382}