{"BoardResult": [["RBLDLRBRGDRRBBLLBGGDLGDGGBDHRL", "112333230012301122", 2, 3, 36.04537], ["GHLLRRBGBBLLHDDLDGBRRBBRGGDRLG", "322103301122323210112323", 2, 0, 29.76987], ["LBRHGBGLRRGHLGBLDRRBDLDGLGHBRB", "222321000301222230010", 4, 1, 24.40556], ["BDRGBGBGDLGBLRHBRGRDDLRRHBDLGL", "301230112121003210322", 1, 1, 33.08565], ["GGRBRLHGDGBGLLBRBDDBRRDBGLRHLH", "110122301222233012", 1, 1, 30.12346], ["BBLGGRBGLRRHHRHBDLHDBLGDRDRGBG", "301033221123210333230011101", 4, 3, 35.67361], ["LGDRDHGDBLDHRHRRLGDBGRRLBLGBBG", "300112210000333210122330012", 1, 4, 29.91575], ["GGRGDRBLLBHBBGHDLHDRHRLRGLGRDB", "111123001033212122", 0, 2, 25.72652], ["DBRDHDHHGDGBGGRLBLRRLRHDBLGRLB", "101122301033211033323", 1, 1, 34.08565], ["LGRGBDDBDRGLRDGLHHLBHDBHRHLRBG", "110333210", 1, 5, 30.68469]], "meanScroce": 30.95161, "meanScroceR": 0.52475, "meantime": 1.00109}