{"BoardResult": [["RBLDLRBRGDRRBBLLBGGDLGDGGBDHRL", "10101103211", 0, 0, 33.75715], ["GHLLRRBGBBLLHDDLDGBRRBBRGGDRLG", "01110101", 0, 0, 41.41239], ["LBRHGBGLRRGHLGBLDRRBDLDGLGHBRB", "111032100011", 0, 0, 19.91353], ["BDRGBGBGDLGBLRHBRGRDDLRRHBDLGL", "10103012103", 0, 0, 27.22603], ["GGRBRLHGDGBGLLBRBDDBRRDBGLRHLH", "10112300003", 0, 0, 33.39062], ["BBLGGRBGLRRHHRHBDLHDBLGDRDRGBG", "10121100301", 0, 0, 29.09799], ["LGDRDHGDBLDHRHRRLGDBGRRLBLGBBG", "0111210032", 0, 0, 31.88252], ["GGRGDRBLLBHBBGHDLHDRHRLRGLGRDB", "111001230032", 0, 0, 26.01944], ["DBRDHDHHGDGBGGRLBLRRLRHDBLGRLB", "10100032121", 0, 0, 33.99846], ["LGRGBDDBDRGLRDGLHHLBHDBHRHLRBG", "1011230300301000122322", 0, 1, 30.64236]], "meanScroce": 30.73405, "meanScroceR": 0.52144, "meanPathlen": 11.9, "meantime": 0.98523}