{"BoardResult": [["RBLDLRBRGDRRBBLLBGGDLGDGGBDHRL", "110003321121", 0, 0, 33.38981], ["GHLLRRBGBBLLHDDLDGBRRBBRGGDRLG", "01110101", 0, 0, 41.41239], ["LBRHGBGLRRGHLGBLDRRBDLDGLGHBRB", "0011210030", 0, 0, 24.075], ["BDRGBGBGDLGBLRHBRGRDDLRRHBDLGL", "1001221001230110322300", 0, 1, 33.0733], ["GGRBRLHGDGBGLLBRBDDBRRDBGLRHLH", "10030111212", 0, 0, 29.02643], ["BBLGGRBGLRRHHRHBDLHDBLGDRDRGBG", "10010123221", 0, 0, 35.1684], ["LGDRDHGDBLDHRHRRLGDBGRRLBLGBBG", "0101122101", 0, 0, 26.47702], ["GGRGDRBLLBHBBGHDLHDRHRLRGLGRDB", "010011233", 0, 0, 25.23661], ["DBRDHDHHGDGBGGRLBLRRLRHDBLGRLB", "10032100112300001222230", 0, 1, 37.06168], ["LGRGBDDBDRGLRDGLHHLBHDBHRHLRBG", "10011012303", 0, 0, 30.54861]], "meanScroce": 31.54693, "meanScroceR": 0.53499, "meanPathlen": 12.7, "meantime": 0.98664}