{"BoardResult": [["RBLDLRBRGDRRBBLLBGGDLGDGGBDHRL", "101012100321", 1, 1, 36.04167], ["GHLLRRBGBBLLHDDLDGBRRBBRGGDRLG", "01110123012", 1, 3, 35.93229], ["LBRHGBGLRRGHLGBLDRRBDLDGLGHBRB", "011233300101", 0, 3, 19.93469], ["BDRGBGBGDLGBLRHBRGRDDLRRHBDLGL", "0011033012100033223301232", 4, 1, 27.70536], ["GGRBRLHGDGBGLLBRBDDBRRDBGLRHLH", "1011233330112211", 2, 0, 28.14815], ["BBLGGRBGLRRHHRHBDLHDBLGDRDRGBG", "100301012233032101123033", 2, 3, 28.66049], ["LGDRDHGDBLDHRHRRLGDBGRRLBLGBBG", "10112103303012111233001", 1, 3, 29.55069], ["GGRGDRBLLBHBBGHDLHDRHRLRGLGRDB", "01032101012212333323", 4, 5, 26.53902], ["DBRDHDHHGDGBGGRLBLRRLRHDBLGRLB", "11101230033232111", 1, 1, 33.74518], ["LGRGBDDBDRGLRDGLHHLBHDBHRHLRBG", "1000100122330321121", 1, 2, 36.22627]], "meanScroce": 30.24838, "meanScroceR": 0.5148, "meanPathlen": 17.9, "meantime": 0.36809}