{"BoardResult": [["RBLDLRBRGDRRBBLLBGGDLGDGGBDHRL", "001210101232", 0, 0, 33.56454], ["GHLLRRBGBBLLHDDLDGBRRBBRGGDRLG", "01110101", 0, 0, 41.41239], ["LBRHGBGLRRGHLGBLDRRBDLDGLGHBRB", "0011210030", 0, 0, 24.075], ["BDRGBGBGDLGBLRHBRGRDDLRRHBDLGL", "0010012230121103033232103", 2, 2, 32.62346], ["GGRBRLHGDGBGLLBRBDDBRRDBGLRHLH", "11030011212", 0, 0, 29.50164], ["BBLGGRBGLRRHHRHBDLHDBLGDRDRGBG", "101230030", 0, 0, 28.96393], ["LGDRDHGDBLDHRHRRLGDBGRRLBLGBBG", "0111210032", 0, 0, 31.88252], ["GGRGDRBLLBHBBGHDLHDRHRLRGLGRDB", "011001223301032210003", 0, 1, 31.65288], ["DBRDHDHHGDGBGGRLBLRRLRHDBLGRLB", "001230100112103032121", 0, 1, 41.98611], ["LGRGBDDBDRGLRDGLHHLBHDBHRHLRBG", "1000032100010123230030", 1, 1, 25.51089]], "meanScroce": 32.11734, "meanScroceR": 0.54468, "meanPathlen": 14.9, "meantime": 0.95735}