{"BoardResult": [["RBLDLRBRGDRRBBLLBGGDLGDGGBDHRL", "10112103321", 0, 0, 33.75715], ["GHLLRRBGBBLLHDDLDGBRRBBRGGDRLG", "01110101", 0, 0, 41.41239], ["LBRHGBGLRRGHLGBLDRRBDLDGLGHBRB", "10300122121110332301030", 0, 1, 30.41595], ["BDRGBGBGDLGBLRHBRGRDDLRRHBDLGL", "10103012103", 0, 0, 27.22603], ["GGRBRLHGDGBGLLBRBDDBRRDBGLRHLH", "10112300003", 0, 0, 33.39062], ["BBLGGRBGLRRHHRHBDLHDBLGDRDRGBG", "10121100301", 0, 0, 29.09799], ["LGDRDHGDBLDHRHRRLGDBGRRLBLGBBG", "10112100003", 0, 0, 30.59799], ["GGRGDRBLLBHBBGHDLHDRHRLRGLGRDB", "000012210012", 0, 0, 22.77476], ["DBRDHDHHGDGBGGRLBLRRLRHDBLGRLB", "10100101221", 0, 0, 31.05069], ["LGRGBDDBDRGLRDGLHHLBHDBHRHLRBG", "1011230300000301212322", 0, 1, 30.65294]], "meanScroce": 31.03765, "meanScroceR": 0.52459, "meanPathlen": 13.1, "meantime": 0.97318}